{"schemaVersion":"1.0","appDefinitionTemplate":{"id":"/providers/Microsoft.PowerApps/apps/","type":"Microsoft.PowerApps/apps","tags":{"primaryDeviceWidth":"1366","primaryDeviceHeight":"768","sienaVersion":"20210203T131900Z-3.20124.20.0","deviceCapabilities":"","supportsPortrait":"false","supportsLandscape":"true","primaryFormFactor":"Tablet","publisherVersion":"3.20124.20","minimumRequiredApiVersion":"2.2.0","hasComponent":"false","hasUnlockedComponent":"false","isUnifiedRootApp":"false"},"properties":{"appVersion":"2021-02-03T13:19:00Z","lifeCycleId":"Published","createdByClientVersion":{"major":3,"minor":20124,"build":20,"revision":0,"majorRevision":0,"minorRevision":0},"minClientVersion":{"major":3,"minor":20124,"build":20,"revision":0,"majorRevision":0,"minorRevision":0},"backgroundColor":"rgba(0, 176, 240, 1)","backgroundImageUri":"/15294653201814051254/N876fa4b3-1810-493a-9551-f7c759308aa2-logoSmallFile","displayName":"POC_CreatePO","description":"","commitMessage":"","appUris":{"documentUri":{"value":"/15294653201814051254/N2bfecad4-6aad-44d3-a3b5-4a45a44f9080-document.msapp"},"imageUris":[]},"createdTime":"0001-01-01T00:00:00Z","lastModifiedTime":"0001-01-01T00:00:00Z","sharedGroupsCount":0,"sharedUsersCount":0,"icons":{"smallIconUri":"/15294653201814051254/Na4e97611-760c-44cb-bcc3-ffc25c2448a9-small.png","mediumIconUri":"/15294653201814051254/Nd691374b-300a-4c11-aab2-4a466434602d-medium.png","largeIconUri":"/15294653201814051254/N4c384910-4c28-4638-af2f-f1b4a1295b78-large.png","wideIconUri":"/15294653201814051254/N42fd9de2-681d-4e1e-8092-23c3394dc587-wide.png"},"connectionReferences":{"402c3523-dd4c-4bbc-9c33-8e5f9e6b12d9":{"id":"9611739e-d337-42d2-8a80-12af705efb65","displayName":"Dynamics 365 for Fin & Ops","iconUri":"https://connectoricons-prod.azureedge.net/releases/v1.0.1422/1.0.1422.2255/dynamicsax/icon.png","dataSources":["PurchaseOrderHeadersV2","PurchaseOrderLinesV2","Vendors"],"dependencies":[],"dependents":["fdeb4ad5-f69c-4d5a-a0c4-39badce4fe00","1e3e1584-eb01-4be7-9e07-5cd6681f123f"],"parameterHints":{},"isOnPremiseConnection":false,"bypassConsent":false,"dataSets":{"bpbcpa-uat.sandbox.operations.dynamics.com":{"dataSources":{"PurchaseOrderHeadersV2":{"tableName":"PurchaseOrderHeadersV2"},"PurchaseOrderLinesV2":{"tableName":"PurchaseOrderLinesV2"},"Vendors":{"tableName":"Vendors"}}}},"apiTier":"Premium","isCustomApiConnection":false},"fdeb4ad5-f69c-4d5a-a0c4-39badce4fe00":{"id":"0fc946c2-d8ad-40ab-bf3d-49529ee9dd47","displayName":"Logic flows","iconUri":"https://resourcestackdeploy.blob.core.windows.net/scripts/13276078.png","dataSources":["CreateNewPO_FromPowerapps"],"dependencies":["402c3523-dd4c-4bbc-9c33-8e5f9e6b12d9"],"dependents":[],"parameterHints":{"workflowName":{"value":"22ae0b89-7fe0-4b15-a293-54a423489993"},"402c3523-dd4c-4bbc-9c33-8e5f9e6b12d9":{"value":"shared_dynamicsax"}},"isOnPremiseConnection":false,"bypassConsent":false,"dataSets":{},"apiTier":"Standard","isCustomApiConnection":false,"actions":["Run"]},"1e3e1584-eb01-4be7-9e07-5cd6681f123f":{"id":"0fc946c2-d8ad-40ab-bf3d-49529ee9dd47","displayName":"Logic flows","iconUri":"https://resourcestackdeploy.blob.core.windows.net/scripts/13276078.png","dataSources":["CreatePOlines_Powerapps"],"dependencies":["402c3523-dd4c-4bbc-9c33-8e5f9e6b12d9"],"dependents":[],"parameterHints":{"workflowName":{"value":"be3a8df6-2d74-48a3-9940-98f1e38a611f"},"402c3523-dd4c-4bbc-9c33-8e5f9e6b12d9":{"value":"shared_dynamicsax"}},"isOnPremiseConnection":false,"bypassConsent":false,"dataSets":{},"apiTier":"Standard","isCustomApiConnection":false,"actions":["Run"]}},"databaseReferences":{},"almMode":"Environment","performanceOptimizationEnabled":true,"canConsumeAppPass":true,"executionRestrictions":{"isTeamsOnly":false,"dataLossPreventionEvaluationResult":{"status":"Compliant","lastEvaluationDate":"2021-02-01T16:24:54.2501281Z","violations":[],"violationsByPolicy":[],"violationErrorMessage":"The app uses the following connectors: shared_dynamicsax, shared_logicflows."}}},"isAppComponentLibrary":false,"appType":"ClassicCanvasApp","appComponents":[]}}