{"name":"598430fe-c8c3-4e11-bddf-2f855207d53f","id":"/providers/Microsoft.Flow/flows/598430fe-c8c3-4e11-bddf-2f855207d53f","type":"Microsoft.Flow/flows","properties":{"apiId":"/providers/Microsoft.PowerApps/apis/shared_logicflows","displayName":"CreateNewPO_FromPowerapps","definition":{"metadata":{"workflowEntityId":null,"flowclientsuspensionreason":"None","flowclientsuspensiontime":null,"creator":{"id":"abcce48f-ae84-4199-8dc3-8ad0b68cc601","type":"User","tenantId":"3e04edf7-8bf5-4963-b6e3-3792799e018f"},"provisioningMethod":"FromDefinition","failureAlertSubscription":true,"clientLastModifiedTime":"2021-02-01T16:16:56.2863343Z"},"$schema":"https://schema.management.azure.com/providers/Microsoft.Logic/schemas/2016-06-01/workflowdefinition.json#","contentVersion":"1.0.0.0","parameters":{"$connections":{"defaultValue":{},"type":"Object"},"$authentication":{"defaultValue":{},"type":"SecureObject"}},"triggers":{"manual":{"type":"Request","kind":"PowerApp","inputs":{"schema":{"type":"object","properties":{"Createrecord_Vendoraccount":{"type":"string","description":"The OrderVendorAccountNumber attribute.","x-ms-powerflows-param-ispartial":false},"Createrecord_Company":{"type":"string","description":"The dataAreaId attribute.","x-ms-powerflows-param-ispartial":false}},"required":["Createrecord_Vendoraccount","Createrecord_Company"]}}}},"actions":{"Create_record":{"runAfter":{},"type":"OpenApiConnection","inputs":{"host":{"apiId":"/providers/Microsoft.PowerApps/apis/shared_dynamicsax","connectionName":"shared_dynamicsax","operationId":"PostItem"},"parameters":{"dataset":"bpbcpa-uat.sandbox.operations.dynamics.com","table":"PurchaseOrderHeadersV2","item/OrderVendorAccountNumber":"@triggerBody()['Createrecord_Vendoraccount']","item/dataAreaId":"@triggerBody()['Createrecord_Company']"},"authentication":{"value":"@json(decodeBase64(triggerOutputs().headers['X-MS-APIM-Tokens']))['$ConnectionKey']","type":"Raw"}}},"Respond_to_a_PowerApp_or_flow":{"runAfter":{"Create_record":["Succeeded"]},"type":"Response","kind":"PowerApp","inputs":{"statusCode":200,"body":{"ponumber":"@outputs('Create_record')?['body/PurchaseOrderNumber']"},"schema":{"type":"object","properties":{"ponumber":{"title":"PONumber","x-ms-dynamically-added":true,"type":"string"}}}}}}},"connectionReferences":{"shared_dynamicsax":{"connectionName":"51f951195d8240498f52a56617fe6e97","source":"Invoker","id":"/providers/Microsoft.PowerApps/apis/shared_dynamicsax","tier":"NotSpecified"}},"flowFailureAlertSubscribed":false}}