{"name":"3b497cdb-3c52-4362-90a9-906d504fe7a3","id":"/providers/Microsoft.Flow/flows/3b497cdb-3c52-4362-90a9-906d504fe7a3","type":"Microsoft.Flow/flows","properties":{"apiId":"/providers/Microsoft.PowerApps/apis/shared_logicflows","displayName":"CreatePOlines_Powerapps","definition":{"metadata":{"workflowEntityId":null,"flowclientsuspensionreason":"None","flowclientsuspensiontime":null,"creator":{"id":"abcce48f-ae84-4199-8dc3-8ad0b68cc601","type":"User","tenantId":"3e04edf7-8bf5-4963-b6e3-3792799e018f"},"provisioningMethod":"FromDefinition","failureAlertSubscription":true,"clientLastModifiedTime":"2021-02-03T13:16:41.0729793Z"},"$schema":"https://schema.management.azure.com/providers/Microsoft.Logic/schemas/2016-06-01/workflowdefinition.json#","contentVersion":"1.0.0.0","parameters":{"$connections":{"defaultValue":{},"type":"Object"},"$authentication":{"defaultValue":{},"type":"SecureObject"}},"triggers":{"manual":{"type":"Request","kind":"PowerApp","inputs":{"schema":{"type":"object","properties":{"Initializevariable_Value":{"type":"any"},"Metadata_Value":{"type":"string","description":"Enter initial value","x-ms-powerflows-param-ispartial":false}},"required":["Initializevariable_Value","Metadata_Value"]}}}},"actions":{"Process_worked":{"runAfter":{},"type":"InitializeVariable","inputs":{"variables":[{"name":"varProcessSuccessful","type":"boolean"}]}},"Metadata":{"runAfter":{"Process_worked":["Succeeded"]},"type":"InitializeVariable","inputs":{"variables":[{"name":"varMetadata","type":"string","value":"@triggerBody()['Metadata_Value']"}]}},"ComposeMetadata":{"runAfter":{"Metadata":["Succeeded"]},"type":"Compose","inputs":"@json(variables('varMetadata'))"},"Scope":{"actions":{"Apply_to_each":{"foreach":"@outputs('ComposeMetadata')","actions":{"Create_record":{"runAfter":{},"type":"OpenApiConnection","inputs":{"host":{"apiId":"/providers/Microsoft.PowerApps/apis/shared_dynamicsax","connectionName":"shared_dynamicsax","operationId":"PostItem"},"parameters":{"dataset":"bpbcpa-uat.sandbox.operations.dynamics.com","table":"PurchaseOrderLinesV2","item/PurchaseOrderNumber":"@items('Apply_to_each')?['PurchaseOrderNumber']","item/LineNumber":"@items('Apply_to_each')?['LineNumber']","item/dataAreaId":"@items('Apply_to_each')?['dataAreaId']","item/LineDescription":"@items('Apply_to_each')?['LineDescription']","item/PurchasePrice":"@items('Apply_to_each')?['PurchasePrice']","item/PurchaseUnitSymbol":"@items('Apply_to_each')?['PurchaseUnitSymbol']","item/OrderedPurchaseQuantity":"@items('Apply_to_each')?['OrderedPurchaseQuantity']","item/ProcurementProductCategoryName":"@items('Apply_to_each')?['ProcurementProductCategoryName']"},"authentication":{"value":"@json(decodeBase64(triggerOutputs().headers['X-MS-APIM-Tokens']))['$ConnectionKey']","type":"Raw"}}}},"runAfter":{},"type":"Foreach"}},"runAfter":{"ComposeMetadata":["Succeeded"]},"type":"Scope"}},"outputs":{}},"connectionReferences":{"shared_dynamicsax":{"connectionName":"51f951195d8240498f52a56617fe6e97","source":"Invoker","id":"/providers/Microsoft.PowerApps/apis/shared_dynamicsax","tier":"NotSpecified"}},"flowFailureAlertSubscribed":false}}